HOSP,0,1,All
0,0.2679528403001072,0.08941969070586434,0.3573725310059715
1,0.38692390139335475,0.2557035676006737,0.6426274689940285
All,0.654876741693462,0.34512325830653806,1.0
